game,inning,half,pa,kind,player,hangTicks,touchTicks,holdTicks,exitVelocity,launchAngle,distance,battedType,startBase,endBase,outOnPlay,sprintRatio,position,touchOrder,startX,startZ,landX,landZ,caughtOnFly,fumbled,threwToBase,gotOut,doublePlay,basesAllowed,transferTicks,throwSpeed,dived,throwError,fumbleOnFly,assist,outKind,throwHand
2026100402,1,BOTTOM,,run,Amaya_Tsubame,2,78,164,162.7,-18.1,3.7,LT0/150-175,0,1,false,0.06,,,,,,,,,,,,,,,false,,,,R
2026100402,1,BOTTOM,2026100402#37,run,Amaya_Tsubame,59,-1,-1,162.0,14.3,97.9,0-15/150-175,1,1,false,0.00,,,,,,,,,,,,,,,false,,,,R
2026100402,2,TOP,,spot,Amaya_Tsubame,,,,,,,,,,,SHORTSTOP,,,,,,,,,,,,,,,,,,,R
2026100402,3,TOP,,spot,Amaya_Tsubame,,,,,,,,,,,SHORTSTOP,,,,,,,,,,,,,,,,,,,R
2026100402,4,TOP,,spot,Amaya_Tsubame,,,,,,,,,,,SHORTSTOP,,,,,,,,,,,,,,,,,,,R
2026100402,4,TOP,2026100402#57,field,Amaya_Tsubame,4,57,148,135.0,-3.0,7.5,LT0/125-150,,,,,SHORTSTOP,1,168.3,-143.3,149.8,-117.7,false,false,true,false,false,1,21,109.3,false,false,false,false,,R
2026100402,4,TOP,2026100402#64,field,Amaya_Tsubame,96,102,102,153.0,42.6,13407807929942596000000000000000000000000000000000000000000000000000000000000000000000000000000000000000000000000000000000000000000000000000000000000000000.0,30-45/150-175,,,,,SHORTSTOP,1,172.0,-143.9,156.5,-202.0,false,false,false,false,false,6,-1,,false,false,false,false,,R
2026100402,4,BOTTOM,2026100402#67,run,Amaya_Tsubame,15,69,144,189.4,3.1,35.1,0-15/175-200,0,1,false,0.70,,,,,,,,,,,,,,,true,,,,R
2026100402,4,BOTTOM,2026100402#68,run,Amaya_Tsubame,-1,-1,-1,212.6,23.9,,15-30/200+,1,4,false,0.00,,,,,,,,,,,,,,,false,,,,R
2026100402,5,TOP,,spot,Amaya_Tsubame,,,,,,,,,,,SHORTSTOP,,,,,,,,,,,,,,,,,,,R
