GAME_ID,inning,half,order,pitcherName,batterName,resultType,rbi,runsScored,outsOnPlay,runnerOnFirst,runnerOnSecond,runnerOnThird,memo,batterStance,pitcherThrows
2026013101,1,TOP,1,sota2486,Nosada,STRIKE_OUT,0,0,1,FALSE,FALSE,FALSE,,R,R
2026013101,1,TOP,2,sota2486,Alpha6000,SINGLE,0,0,1,FALSE,FALSE,FALSE,,L,R
2026013101,1,TOP,3,sota2486,omarupin,STRIKE_OUT,0,0,1,FALSE,FALSE,FALSE,,R,R
2026013101,1,BOTTOM,1,Alpha6000,gaifukaisei,GROUND_OUT,0,0,1,FALSE,FALSE,FALSE,,L,R
2026013101,1,BOTTOM,2,Alpha6000,Pen4,SINGLE,0,0,1,FALSE,FALSE,FALSE,,L,R
2026013101,1,BOTTOM,3,Alpha6000,TYPE_NOOB,SINGLE,0,0,0,FALSE,FALSE,FALSE,,R,R
2026013101,1,BOTTOM,4,Alpha6000,sota2486,DOUBLE,1,1,0,TRUE,FALSE,FALSE,,R,R
2026013101,1,BOTTOM,5,Alpha6000,Lemon_55,DOUBLE,1,1,0,FALSE,TRUE,FALSE,,R,R
2026013101,1,BOTTOM,6,Alpha6000,Obake_zzz,GROUND_OUT,0,0,1,FALSE,TRUE,FALSE,,R,R
2026013101,2,TOP,1,sota2486,jamu12,GROUND_OUT,0,0,1,FALSE,FALSE,FALSE,,R,R
2026013101,2,TOP,2,sota2486,LagnaKt,DOUBLE,0,0,0,FALSE,FALSE,FALSE,,R,R
2026013101,2,TOP,3,sota2486,EmeraldREX91,GROUND_OUT,0,0,1,FALSE,TRUE,FALSE,,R,R
2026013101,2,TOP,4,sota2486,crurc,STRIKE_OUT,0,0,1,FALSE,FALSE,TRUE,,R,R
2026013101,2,BOTTOM,1,Alpha6000,lllumination1,HOME_RUN,1,1,0,FALSE,FALSE,FALSE,,R,R
2026013101,2,BOTTOM,2,Alpha6000,gaifukaisei,TRIPLE,0,0,0,FALSE,FALSE,FALSE,,L,R
2026013101,2,BOTTOM,3,Alpha6000,Pen4,SINGLE,1,1,0,FALSE,FALSE,TRUE,,L,R
2026013101,2,BOTTOM,4,Alpha6000,TYPE_NOOB,FLY_OUT,0,0,1,TRUE,FALSE,FALSE,,R,R
2026013101,2,BOTTOM,5,Alpha6000,sota2486,FLY_OUT,0,0,1,TRUE,FALSE,FALSE,,R,R
2026013101,2,BOTTOM,6,Alpha6000,Lemon_55,GROUND_OUT,0,0,1,TRUE,FALSE,FALSE,,R,R
2026013101,3,TOP,1,sota2486,Philia_Gray,STRIKE_OUT,0,0,1,FALSE,FALSE,FALSE,,R,R
2026013101,3,TOP,2,sota2486,Nosada,FLY_OUT,0,0,1,FALSE,FALSE,FALSE,,R,R
2026013101,3,TOP,3,sota2486,Alpha6000,HOME_RUN,1,1,0,FALSE,FALSE,FALSE,,L,R
2026013101,3,TOP,4,sota2486,omarupin,STRIKE_OUT,0,0,1,FALSE,FALSE,FALSE,,R,R
2026013101,3,BOTTOM,1,Philia_Gray,Obake_zzz,SINGLE,0,0,0,FALSE,FALSE,FALSE,,R,R
2026013101,3,BOTTOM,2,Philia_Gray,lllumination1,SINGLE,0,0,0,TRUE,FALSE,FALSE,,R,R
2026013101,3,BOTTOM,3,Philia_Gray,gaifukaisei,HOME_RUN,3,3,0,TRUE,TRUE,FALSE,,L,R
2026013101,3,BOTTOM,4,Philia_Gray,Pen4,STRIKE_OUT,0,0,1,FALSE,FALSE,FALSE,,L,R
2026013101,3,BOTTOM,5,Philia_Gray,TYPE_NOOB,WALK,0,0,0,FALSE,FALSE,FALSE,,R,R
2026013101,3,BOTTOM,6,Philia_Gray,sota2486,STRIKE_OUT,0,0,1,TRUE,FALSE,FALSE,,R,R
2026013101,3,BOTTOM,7,Philia_Gray,Lemon_55,DOUBLE,0,0,0,TRUE,FALSE,FALSE,,R,R
2026013101,3,BOTTOM,8,Philia_Gray,Obake_zzz,STRIKE_OUT,0,0,1,FALSE,TRUE,TRUE,,R,R
2026013101,4,TOP,1,Pen4,jamu12,STRIKE_OUT,0,0,1,FALSE,FALSE,FALSE,,R,R
2026013101,4,TOP,2,Pen4,LagnaKt,DOUBLE,0,0,0,FALSE,FALSE,FALSE,,R,R
2026013101,4,TOP,3,Pen4,EmeraldREX91,FLY_OUT,0,0,1,FALSE,TRUE,FALSE,,R,R
2026013101,4,TOP,4,Pen4,crurc,STRIKE_OUT,0,0,1,FALSE,TRUE,FALSE,,R,R
2026013101,4,BOTTOM,1,crurc,lllumination1,WALK,0,0,0,FALSE,FALSE,FALSE,,R,R
2026013101,4,BOTTOM,2,crurc,Rosario20,GROUND_OUT,0,0,1,TRUE,FALSE,FALSE,,R,R
2026013101,4,BOTTOM,3,crurc,gaifukaisei,WALK,0,0,0,TRUE,FALSE,FALSE,,L,R
2026013101,4,BOTTOM,4,crurc,Pen4,SINGLE,0,0,0,TRUE,TRUE,FALSE,,L,R
2026013101,4,BOTTOM,5,crurc,TYPE_NOOB,STRIKE_OUT,0,0,1,TRUE,TRUE,TRUE,,R,R
2026013101,4,BOTTOM,6,crurc,sota2486,SINGLE,1,1,0,TRUE,TRUE,TRUE,,R,R
2026013101,4,BOTTOM,7,crurc,Lemon_55,SINGLE,2,2,0,TRUE,TRUE,TRUE,,R,R
2026013101,4,BOTTOM,8,crurc,Obake_zzz,STRIKE_OUT,0,0,1,TRUE,TRUE,FALSE,,R,R
2026013101,5,TOP,1,Pen4,Philia_Gray,GROUND_OUT,0,0,1,FALSE,FALSE,FALSE,,R,R
2026013101,5,TOP,2,Pen4,Nosada,DOUBLE,0,0,0,FALSE,FALSE,FALSE,,R,R
2026013101,5,TOP,3,Pen4,Alpha6000,DOUBLE,1,1,0,FALSE,TRUE,FALSE,,L,R
2026013101,5,TOP,4,Pen4,omarupin,GROUND_OUT,0,0,1,FALSE,TRUE,FALSE,,R,R
2026013101,5,TOP,5,Pen4,jamu12,STRIKE_OUT,0,0,1,FALSE,TRUE,FALSE,,R,R
2026031401,1,TOP,1,sota2486,Alpha6000,WALK,0,0,0,FALSE,FALSE,FALSE,,L,R
2026031401,1,TOP,2,sota2486,TYPE_NOOB,SINGLE,0,0,0,TRUE,FALSE,FALSE,,R,R
2026031401,1,TOP,3,sota2486,Philia_Gray,GROUND_OUT,1,1,1,TRUE,TRUE,FALSE,,R,R
2026031401,1,TOP,4,sota2486,syobonnkun,STRIKE_OUT,0,0,1,FALSE,FALSE,TRUE,,R,R
2026031401,1,TOP,5,sota2486,GMMF,GROUND_OUT,0,0,1,FALSE,FALSE,TRUE,,R,R
2026031401,1,BOTTOM,1,TYPE_NOOB,sota2486,HOME_RUN,1,1,0,FALSE,FALSE,FALSE,,R,R
2026031401,1,BOTTOM,2,TYPE_NOOB,viocat77,GROUND_OUT,0,0,1,FALSE,FALSE,FALSE,,R,R
2026031401,1,BOTTOM,3,TYPE_NOOB,Pen4,SINGLE,0,0,0,FALSE,FALSE,FALSE,,L,R
2026031401,1,BOTTOM,4,TYPE_NOOB,EmeraldREX91,STRIKE_OUT,0,0,1,TRUE,FALSE,FALSE,,R,R
2026031401,1,BOTTOM,5,TYPE_NOOB,Obake_zzz,SINGLE,1,1,0,TRUE,FALSE,FALSE,,R,R
2026031401,1,BOTTOM,6,TYPE_NOOB,crurc,SINGLE,0,0,0,TRUE,FALSE,FALSE,,R,R
2026031401,1,BOTTOM,7,TYPE_NOOB,Rosario20,GROUND_OUT,0,0,1,TRUE,TRUE,FALSE,,R,R
2026031401,2,TOP,1,sota2486,MooonJ,STRIKE_OUT,0,0,1,FALSE,FALSE,FALSE,,R,R
2026031401,2,TOP,2,sota2486,LagnaKt,SINGLE,0,0,0,FALSE,FALSE,FALSE,,R,R
2026031401,2,TOP,3,sota2486,Alpha6000,SINGLE,0,0,0,TRUE,FALSE,FALSE,,L,R
2026031401,2,TOP,4,sota2486,TYPE_NOOB,HOME_RUN,3,3,0,TRUE,TRUE,FALSE,,R,R
2026031401,2,TOP,5,sota2486,Philia_Gray,SINGLE,0,0,0,FALSE,FALSE,FALSE,,R,R
2026031401,2,TOP,6,sota2486,syobonnkun,STRIKE_OUT,0,0,1,TRUE,FALSE,FALSE,,R,R
2026031401,2,TOP,7,sota2486,GMMF,SINGLE,0,0,0,TRUE,FALSE,FALSE,,R,R
2026031401,2,TOP,8,sota2486,MooonJ,SINGLE,0,0,0,TRUE,TRUE,FALSE,,R,R
2026031401,2,TOP,9,sota2486,LagnaKt,STRIKE_OUT,0,0,1,TRUE,TRUE,TRUE,,R,R
2026031401,2,BOTTOM,1,TYPE_NOOB,sota2486,STRIKE_OUT,0,0,1,FALSE,FALSE,FALSE,,R,R
2026031401,2,BOTTOM,2,TYPE_NOOB,viocat77,STRIKE_OUT,0,0,1,FALSE,FALSE,FALSE,,R,R
2026031401,2,BOTTOM,3,TYPE_NOOB,Pen4,DOUBLE,0,0,0,FALSE,FALSE,FALSE,,L,R
2026031401,2,BOTTOM,4,TYPE_NOOB,EmeraldREX91,STRIKE_OUT,0,0,1,FALSE,TRUE,FALSE,,R,R
2026031401,3,TOP,1,sota2486,Alpha6000,SINGLE,0,0,0,FALSE,FALSE,FALSE,,L,R
2026031401,3,TOP,2,sota2486,TYPE_NOOB,DOUBLE,0,0,0,TRUE,FALSE,FALSE,,R,R
2026031401,3,TOP,3,sota2486,Philia_Gray,SINGLE,1,1,0,FALSE,TRUE,TRUE,,R,R
2026031401,3,TOP,4,sota2486,syobonnkun,STRIKE_OUT,0,0,1,TRUE,FALSE,TRUE,,R,R
2026031401,3,TOP,5,sota2486,GMMF,STRIKE_OUT,0,0,1,TRUE,FALSE,TRUE,,R,R
2026031401,3,TOP,6,sota2486,MooonJ,GROUND_OUT,0,0,1,TRUE,FALSE,TRUE,,R,R
2026031401,3,BOTTOM,1,TYPE_NOOB,Obake_zzz,STRIKE_OUT,0,0,1,FALSE,FALSE,FALSE,,R,R
2026031401,3,BOTTOM,2,TYPE_NOOB,crurc,SINGLE,0,0,0,FALSE,FALSE,FALSE,,R,R
2026031401,3,BOTTOM,3,TYPE_NOOB,Rosario20,HOME_RUN,2,2,0,TRUE,FALSE,FALSE,,R,R
2026031401,3,BOTTOM,4,TYPE_NOOB,sota2486,FLY_OUT,0,0,1,FALSE,FALSE,FALSE,,R,R
2026031401,3,BOTTOM,5,TYPE_NOOB,viocat77,FLY_OUT,0,0,1,FALSE,FALSE,FALSE,,R,R
2026031401,4,TOP,1,sota2486,LagnaKt,SINGLE,0,0,0,FALSE,FALSE,FALSE,,R,R
2026031401,4,TOP,2,sota2486,Alpha6000,STRIKE_OUT,0,0,1,TRUE,FALSE,FALSE,,L,R
2026031401,4,TOP,3,sota2486,TYPE_NOOB,SINGLE,0,0,0,TRUE,FALSE,FALSE,,R,R
2026031401,4,TOP,4,sota2486,Philia_Gray,HOME_RUN,3,3,0,TRUE,TRUE,FALSE,,R,R
2026031401,4,TOP,5,sota2486,syobonnkun,STRIKE_OUT,0,0,1,FALSE,FALSE,FALSE,,R,R
2026031401,4,TOP,6,sota2486,GMMF,STRIKE_OUT,0,0,1,FALSE,FALSE,FALSE,,R,R
2026031401,4,BOTTOM,1,TYPE_NOOB,Pen4,DOUBLE,0,0,0,FALSE,FALSE,FALSE,,L,R
2026031401,4,BOTTOM,2,TYPE_NOOB,EmeraldREX91,STRIKE_OUT,0,0,1,FALSE,TRUE,FALSE,,R,R
2026031401,4,BOTTOM,3,TYPE_NOOB,Obake_zzz,GROUND_OUT,0,0,1,FALSE,TRUE,FALSE,,R,R
2026031401,4,BOTTOM,4,TYPE_NOOB,crurc,STRIKE_OUT,0,0,1,FALSE,FALSE,TRUE,,R,R
2026031401,5,TOP,1,crurc,MooonJ,STRIKE_OUT,0,0,1,FALSE,FALSE,FALSE,,R,R
2026031401,5,TOP,2,crurc,LagnaKt,FLY_OUT,0,0,1,FALSE,FALSE,FALSE,,R,R
2026031401,5,TOP,3,crurc,Alpha6000,GROUND_OUT,0,0,1,FALSE,FALSE,FALSE,,L,R
2026031401,5,BOTTOM,1,Alpha6000,Rosario20,WALK,0,0,0,FALSE,FALSE,FALSE,,R,R
2026031401,5,BOTTOM,2,Alpha6000,sota2486,STRIKE_OUT,0,0,1,TRUE,FALSE,FALSE,,R,R
2026031401,5,BOTTOM,3,Alpha6000,viocat77,STRIKE_OUT,0,0,1,TRUE,FALSE,FALSE,,R,R
2026031401,5,BOTTOM,4,Alpha6000,Pen4,SINGLE,0,0,0,TRUE,FALSE,FALSE,,L,R
2026031401,5,BOTTOM,5,Alpha6000,Obake_zzz,STRIKE_OUT,0,0,1,TRUE,TRUE,FALSE,,R,R
2026041101,1,TOP,1,gaifukaisei,Alpha6000,DOUBLE,0,0,0,FALSE,FALSE,FALSE,,L,L
2026041101,1,TOP,2,gaifukaisei,Pen4,STRIKE_OUT,0,0,1,FALSE,TRUE,FALSE,,L,L
2026041101,1,TOP,3,gaifukaisei,viocat77,SINGLE,0,0,0,FALSE,TRUE,FALSE,,R,L
2026041101,1,TOP,4,gaifukaisei,AL1S_JP,STRIKE_OUT,0,0,1,TRUE,FALSE,TRUE,,R,L
2026041101,1,TOP,5,gaifukaisei,Philia_Gray,SINGLE,1,1,0,TRUE,FALSE,TRUE,,R,L
2026041101,1,TOP,6,gaifukaisei,GMMF,STRIKE_OUT,0,0,1,TRUE,TRUE,FALSE,,R,L
2026041101,1,BOTTOM,1,Alpha6000,sota2486,STRIKE_OUT,0,0,1,FALSE,FALSE,FALSE,,R,R
2026041101,1,BOTTOM,2,Alpha6000,gaifukaisei,STRIKE_OUT,0,0,1,FALSE,FALSE,FALSE,,L,R
2026041101,1,BOTTOM,3,Alpha6000,TYPE_NOOB,SINGLE,0,0,0,FALSE,FALSE,FALSE,,R,R
2026041101,1,BOTTOM,4,Alpha6000,Rosario20,GROUND_OUT,0,0,1,TRUE,FALSE,FALSE,,R,R
2026041101,2,TOP,1,gaifukaisei,LagnaKt,DOUBLE,0,0,0,FALSE,FALSE,FALSE,,R,L
2026041101,2,TOP,2,gaifukaisei,Alpha6000,DOUBLE,1,1,0,FALSE,TRUE,FALSE,,L,L
2026041101,2,TOP,3,gaifukaisei,Pen4,STRIKE_OUT,0,0,1,FALSE,TRUE,FALSE,,L,L
2026041101,2,TOP,4,gaifukaisei,viocat77,STRIKE_OUT,0,0,1,FALSE,TRUE,FALSE,,R,L
2026041101,2,BOTTOM,1,Alpha6000,EmeraldREX91,STRIKE_OUT,0,0,1,FALSE,FALSE,FALSE,,R,R
2026041101,2,BOTTOM,2,Alpha6000,MooonJ,STRIKE_OUT,0,0,1,FALSE,FALSE,FALSE,,R,R
2026041101,2,BOTTOM,3,Alpha6000,syobonnkun,STRIKE_OUT,0,0,1,FALSE,FALSE,FALSE,,R,R
2026041101,3,TOP,1,gaifukaisei,AL1S_JP,WALK,0,0,0,FALSE,FALSE,FALSE,,R,L
2026041101,3,TOP,2,gaifukaisei,Philia_Gray,DOUBLE_PLAY,0,0,2,TRUE,FALSE,FALSE,,R,L
2026041101,3,TOP,3,gaifukaisei,GMMF,SINGLE,0,0,0,FALSE,FALSE,FALSE,,R,L
2026041101,3,TOP,4,gaifukaisei,LagnaKt,STRIKE_OUT,0,0,1,TRUE,FALSE,FALSE,,R,L
2026041101,3,BOTTOM,1,Alpha6000,Opanku,STRIKE_OUT,0,0,1,FALSE,FALSE,FALSE,,R,R
2026041101,3,BOTTOM,2,Alpha6000,sota2486,SINGLE,0,0,0,FALSE,FALSE,FALSE,,R,R
2026041101,3,BOTTOM,3,Alpha6000,gaifukaisei,DOUBLE,1,1,0,TRUE,FALSE,FALSE,,L,R
2026041101,3,BOTTOM,4,Alpha6000,TYPE_NOOB,GROUND_OUT,0,0,1,FALSE,TRUE,FALSE,,R,R
2026041101,3,BOTTOM,5,Alpha6000,Rosario20,GROUND_OUT,0,0,1,FALSE,FALSE,TRUE,,R,R
2026041101,4,TOP,1,sota2486,Alpha6000,WALK,0,0,0,FALSE,FALSE,FALSE,,L,R
2026041101,4,TOP,2,sota2486,Pen4,GROUND_OUT,0,0,1,TRUE,FALSE,FALSE,,L,R
2026041101,4,TOP,3,sota2486,viocat77,GROUND_OUT,0,0,1,TRUE,FALSE,FALSE,,R,R
2026041101,4,TOP,4,sota2486,AL1S_JP,STRIKE_OUT,0,0,1,TRUE,FALSE,FALSE,,R,R
2026041101,4,BOTTOM,1,Alpha6000,EmeraldREX91,STRIKE_OUT,0,0,1,FALSE,FALSE,FALSE,,R,R
2026041101,4,BOTTOM,2,Alpha6000,MooonJ,SINGLE,0,0,0,FALSE,FALSE,FALSE,,R,R
2026041101,4,BOTTOM,3,Alpha6000,syobonnkun,GROUND_OUT,0,0,1,TRUE,FALSE,FALSE,,R,R
2026041101,4,BOTTOM,4,Alpha6000,Opanku,GROUND_OUT,0,0,1,TRUE,FALSE,FALSE,,R,R
2026041101,5,TOP,1,sota2486,GMMF,STRIKE_OUT,0,0,1,FALSE,FALSE,FALSE,,R,R
2026041101,5,TOP,2,sota2486,LagnaKt,SINGLE,0,0,0,FALSE,FALSE,FALSE,,R,R
2026041101,5,TOP,3,sota2486,Alpha6000,DOUBLE,1,1,0,TRUE,FALSE,FALSE,,L,R
2026041101,5,TOP,4,sota2486,Pen4,STRIKE_OUT,0,0,1,FALSE,TRUE,TRUE,,L,R
2026041101,5,TOP,5,sota2486,viocat77,STRIKE_OUT,0,0,1,FALSE,TRUE,TRUE,,R,R
2026041101,5,BOTTOM,1,Pen4,sota2486,DOUBLE,0,0,0,FALSE,FALSE,FALSE,,R,R
2026041101,5,BOTTOM,2,Pen4,gaifukaisei,GROUND_OUT,0,0,1,FALSE,TRUE,FALSE,,L,R
2026041101,5,BOTTOM,3,Pen4,TYPE_NOOB,SINGLE,2,1,0,FALSE,FALSE,TRUE,,R,R
2026041101,5,BOTTOM,4,Pen4,Rosario20,STRIKE_OUT,0,0,1,TRUE,FALSE,FALSE,,R,R
2026041101,5,BOTTOM,5,Pen4,EmeraldREX91,STRIKE_OUT,0,0,1,TRUE,FALSE,FALSE,,R,R
2026041102,1,TOP,1,syobonnkun,sota2486,FLY_OUT,0,0,1,FALSE,FALSE,FALSE,,R,R
2026041102,1,TOP,2,syobonnkun,EmeraldREX91,STRIKE_OUT,0,0,1,FALSE,FALSE,FALSE,,R,R
2026041102,1,TOP,3,syobonnkun,Alpha6000,STRIKE_OUT,0,0,1,FALSE,FALSE,FALSE,,L,R
2026041102,1,BOTTOM,1,sota2486,gaifukaisei,STRIKE_OUT,0,0,1,FALSE,FALSE,FALSE,,L,R
2026041102,1,BOTTOM,2,sota2486,TYPE_NOOB,DOUBLE,0,0,0,FALSE,FALSE,FALSE,,R,R
2026041102,1,BOTTOM,3,sota2486,Pen4,STRIKE_OUT,0,0,1,FALSE,TRUE,FALSE,,L,R
2026041102,1,BOTTOM,4,sota2486,Philia_Gray,GROUND_OUT,0,0,1,FALSE,TRUE,FALSE,,R,R
2026041102,2,TOP,1,syobonnkun,Rosario20,STRIKE_OUT,0,0,1,FALSE,FALSE,FALSE,,R,R
2026041102,2,TOP,2,syobonnkun,GMMF,STRIKE_OUT,0,0,1,FALSE,FALSE,FALSE,,R,R
2026041102,2,TOP,3,syobonnkun,LagnaKt,DOUBLE,0,0,0,FALSE,FALSE,FALSE,,R,R
2026041102,2,TOP,4,syobonnkun,viocat77,WALK,0,0,0,FALSE,TRUE,FALSE,,R,R
2026041102,2,TOP,5,syobonnkun,MooonJ,STRIKE_OUT,0,0,1,TRUE,TRUE,FALSE,,R,R
2026041102,2,BOTTOM,1,sota2486,Opanku,DOUBLE,0,0,0,FALSE,FALSE,FALSE,,R,R
2026041102,2,BOTTOM,2,sota2486,syobonnkun,STRIKE_OUT,0,0,1,FALSE,TRUE,FALSE,,R,R
2026041102,2,BOTTOM,3,sota2486,gaifukaisei,SINGLE,0,0,0,FALSE,TRUE,FALSE,,L,R
2026041102,2,BOTTOM,4,sota2486,TYPE_NOOB,STRIKE_OUT,0,0,1,TRUE,FALSE,TRUE,,R,R
2026041102,2,BOTTOM,5,sota2486,Pen4,TRIPLE,2,2,0,TRUE,FALSE,TRUE,,L,R
2026041102,2,BOTTOM,6,sota2486,Philia_Gray,STRIKE_OUT,0,0,1,FALSE,FALSE,TRUE,,R,R
2026041102,3,TOP,1,syobonnkun,sota2486,DOUBLE,0,0,0,FALSE,FALSE,FALSE,,R,R
2026041102,3,TOP,2,syobonnkun,EmeraldREX91,SINGLE,0,0,0,FALSE,TRUE,FALSE,,R,R
2026041102,3,TOP,3,syobonnkun,Alpha6000,STRIKE_OUT,0,0,1,TRUE,FALSE,TRUE,,L,R
2026041102,3,TOP,4,syobonnkun,Rosario20,STRIKE_OUT,0,0,1,TRUE,FALSE,TRUE,,R,R
2026041102,3,TOP,5,syobonnkun,GMMF,GROUND_OUT,0,0,1,TRUE,FALSE,TRUE,,R,R
2026041102,3,BOTTOM,1,sota2486,Opanku,STRIKE_OUT,0,0,1,FALSE,FALSE,FALSE,,R,R
2026041102,3,BOTTOM,2,sota2486,syobonnkun,GROUND_OUT,0,0,1,FALSE,FALSE,FALSE,,R,R
2026041102,3,BOTTOM,3,sota2486,gaifukaisei,GROUND_OUT,0,0,1,FALSE,FALSE,FALSE,,L,R
2026041102,4,TOP,1,syobonnkun,LagnaKt,DOUBLE,0,0,0,FALSE,FALSE,FALSE,,R,R
2026041102,4,TOP,2,syobonnkun,viocat77,GROUND_OUT,0,0,1,FALSE,TRUE,FALSE,,R,R
2026041102,4,TOP,3,syobonnkun,MooonJ,STRIKE_OUT,0,0,1,FALSE,FALSE,TRUE,,R,R
2026041102,4,TOP,4,syobonnkun,sota2486,STRIKE_OUT,0,0,1,FALSE,FALSE,TRUE,,R,R
2026041102,4,BOTTOM,1,sota2486,TYPE_NOOB,SINGLE,0,0,0,FALSE,FALSE,FALSE,,R,R
2026041102,4,BOTTOM,2,sota2486,Pen4,STRIKE_OUT,0,0,1,TRUE,FALSE,FALSE,,L,R
2026041102,4,BOTTOM,3,sota2486,Philia_Gray,STRIKE_OUT,0,0,1,TRUE,FALSE,FALSE,,R,R
2026041102,4,BOTTOM,4,sota2486,Opanku,GROUND_OUT,0,0,1,TRUE,FALSE,FALSE,,R,R
2026041102,5,TOP,1,syobonnkun,EmeraldREX91,FLY_OUT,0,0,1,FALSE,FALSE,FALSE,,R,R
2026041102,5,TOP,2,syobonnkun,Alpha6000,STRIKE_OUT,0,0,1,FALSE,FALSE,FALSE,,L,R
2026041102,5,TOP,3,syobonnkun,Rosario20,DOUBLE,0,0,0,FALSE,FALSE,FALSE,,R,R
2026041102,5,TOP,4,syobonnkun,GMMF,STRIKE_OUT,0,0,1,FALSE,TRUE,FALSE,,R,R
2026042801,1,TOP,1,syobonnkun,gaifukaisei,GROUND_OUT,0,0,1,FALSE,FALSE,FALSE,,L,R
2026042801,1,TOP,2,syobonnkun,LagnaKt,STRIKE_OUT,0,0,1,FALSE,FALSE,FALSE,,R,R
2026042801,1,TOP,3,syobonnkun,EmeraldREX91,STRIKE_OUT,0,0,1,FALSE,FALSE,FALSE,,R,R
2026042801,1,BOTTOM,1,gaifukaisei,sota2486,GROUND_OUT,0,0,1,FALSE,FALSE,FALSE,,R,L
2026042801,1,BOTTOM,2,gaifukaisei,viocat77,STRIKE_OUT,0,0,1,FALSE,FALSE,FALSE,,R,L
2026042801,1,BOTTOM,3,gaifukaisei,crurc,STRIKE_OUT,0,0,1,FALSE,FALSE,FALSE,,R,L
2026042801,2,TOP,1,syobonnkun,Rosario20,STRIKE_OUT,0,0,1,FALSE,FALSE,FALSE,,R,R
2026042801,2,TOP,2,syobonnkun,MooonJ,STRIKE_OUT,0,0,1,FALSE,FALSE,FALSE,,R,R
2026042801,2,TOP,3,syobonnkun,Obake_zzz,GROUND_OUT,0,0,1,FALSE,FALSE,FALSE,,R,R
2026042801,2,BOTTOM,1,gaifukaisei,Alpha6000,SINGLE,0,0,0,FALSE,FALSE,FALSE,,L,L
2026042801,2,BOTTOM,2,gaifukaisei,Girigiri_ikiteru,STRIKE_OUT,0,0,1,TRUE,FALSE,FALSE,,R,L
2026042801,2,BOTTOM,3,gaifukaisei,TYPE_NOOB,FLY_OUT,0,0,1,TRUE,FALSE,FALSE,,R,L
2026042801,2,BOTTOM,4,gaifukaisei,syobonnkun,GROUND_OUT,0,0,1,TRUE,FALSE,FALSE,,R,L
2026042801,3,TOP,1,syobonnkun,rlaiy,STRIKE_OUT,0,0,1,FALSE,FALSE,FALSE,,R,R
2026042801,3,TOP,2,syobonnkun,Philia_Gray,STRIKE_OUT,0,0,1,FALSE,FALSE,FALSE,,R,R
2026042801,3,TOP,3,syobonnkun,gaifukaisei,STRIKE_OUT,0,0,1,FALSE,FALSE,FALSE,,L,R
2026042801,3,BOTTOM,1,gaifukaisei,Pen4,SINGLE,0,0,0,FALSE,FALSE,FALSE,,L,L
2026042801,3,BOTTOM,2,gaifukaisei,sota2486,STRIKE_OUT,0,0,1,TRUE,FALSE,FALSE,,R,L
2026042801,3,BOTTOM,3,gaifukaisei,viocat77,STRIKE_OUT,0,0,1,TRUE,FALSE,FALSE,,R,L
2026042801,3,BOTTOM,4,gaifukaisei,crurc,GROUND_OUT,0,0,1,TRUE,FALSE,FALSE,,R,L
2026042801,4,TOP,1,syobonnkun,LagnaKt,STRIKE_OUT,0,0,1,FALSE,FALSE,FALSE,,R,R
2026042801,4,TOP,2,syobonnkun,EmeraldREX91,STRIKE_OUT,0,0,1,FALSE,FALSE,FALSE,,R,R
2026042801,4,TOP,3,syobonnkun,Rosario20,GROUND_OUT,0,0,1,FALSE,FALSE,FALSE,,R,R
2026042801,4,BOTTOM,1,gaifukaisei,Alpha6000,FLY_OUT,0,0,1,FALSE,FALSE,FALSE,,L,L
2026042801,4,BOTTOM,2,gaifukaisei,TYPE_NOOB,STRIKE_OUT,0,0,1,FALSE,FALSE,FALSE,,R,L
2026042801,4,BOTTOM,3,gaifukaisei,syobonnkun,STRIKE_OUT,0,0,1,FALSE,FALSE,FALSE,,R,L
2026042801,5,TOP,1,syobonnkun,MooonJ,STRIKE_OUT,0,0,1,FALSE,FALSE,FALSE,,R,R
2026042801,5,TOP,2,syobonnkun,Obake_zzz,GROUND_OUT,0,0,1,FALSE,FALSE,FALSE,,R,R
2026042801,5,TOP,3,syobonnkun,rlaiy,STRIKE_OUT,0,0,1,FALSE,FALSE,FALSE,,R,R
2026042801,5,BOTTOM,1,gaifukaisei,Pen4,GROUND_OUT,0,0,1,FALSE,FALSE,FALSE,,L,L
2026042801,5,BOTTOM,2,gaifukaisei,sota2486,SINGLE,0,0,0,FALSE,FALSE,FALSE,,R,L
2026042801,5,BOTTOM,3,gaifukaisei,viocat77,STRIKE_OUT,0,0,1,TRUE,FALSE,FALSE,,R,L
2026042801,5,BOTTOM,4,gaifukaisei,crurc,SINGLE,0,0,0,TRUE,FALSE,FALSE,,R,L
2026042801,5,BOTTOM,5,gaifukaisei,Alpha6000,STRIKE_OUT,0,0,1,TRUE,TRUE,FALSE,,L,L
2026042801,6,TOP,1,syobonnkun,Philia_Gray,SINGLE,0,0,0,FALSE,FALSE,FALSE,,R,R
2026042801,6,TOP,2,syobonnkun,gaifukaisei,STRIKE_OUT,0,0,1,TRUE,FALSE,FALSE,,L,R
2026042801,6,TOP,3,syobonnkun,LagnaKt,TRIPLE,1,1,0,TRUE,FALSE,FALSE,,R,R
2026042801,6,TOP,4,syobonnkun,EmeraldREX91,WALK,0,0,0,FALSE,FALSE,TRUE,,R,R
2026042801,6,TOP,5,syobonnkun,Rosario20,DOUBLE_PLAY,0,0,2,TRUE,FALSE,TRUE,,R,R
2026042801,6,BOTTOM,1,gaifukaisei,TYPE_NOOB,GROUND_OUT,0,0,1,FALSE,FALSE,FALSE,,R,L
2026042801,6,BOTTOM,2,gaifukaisei,syobonnkun,GROUND_OUT,0,0,1,FALSE,FALSE,FALSE,,R,L
2026042801,6,BOTTOM,3,gaifukaisei,Pen4,STRIKE_OUT,0,0,1,FALSE,FALSE,FALSE,,L,L
2026060601,1,TOP,1,Alpha6000,TYPE_NOOB,GROUND_OUT,0,0,1,FALSE,FALSE,FALSE,,R,R
2026060601,1,TOP,2,Alpha6000,Pen4,STRIKE_OUT,0,0,1,FALSE,FALSE,FALSE,,L,R
2026060601,1,TOP,3,Alpha6000,EmeraldREX91,WALK,0,0,0,FALSE,FALSE,FALSE,,R,R
2026060601,1,TOP,4,Alpha6000,LagnaKt,GROUND_OUT,0,0,1,TRUE,FALSE,FALSE,,R,R
2026060601,1,BOTTOM,1,Pen4,Alpha6000,WALK,0,0,0,FALSE,FALSE,FALSE,,L,R
2026060601,1,BOTTOM,2,Pen4,sota2486,SINGLE,0,0,0,TRUE,FALSE,FALSE,,R,R
2026060601,1,BOTTOM,3,Pen4,Philia_Gray,SINGLE,0,0,0,TRUE,TRUE,FALSE,,R,R
2026060601,1,BOTTOM,4,Pen4,nextbardo,SINGLE,3,3,0,TRUE,TRUE,TRUE,,R,R
2026060601,1,BOTTOM,5,Pen4,Obake_zzz,WALK,0,0,0,TRUE,FALSE,FALSE,,R,R
2026060601,1,BOTTOM,6,Pen4,jamu12,GROUND_OUT,0,0,1,TRUE,TRUE,FALSE,,R,R
2026060601,1,BOTTOM,7,Pen4,syobonnkun,FLY_OUT,0,0,1,FALSE,TRUE,TRUE,,R,R
2026060601,1,BOTTOM,8,Pen4,Alpha6000,SINGLE,1,1,0,FALSE,TRUE,TRUE,,L,R
2026060601,1,BOTTOM,9,Pen4,sota2486,DOUBLE,1,1,0,TRUE,FALSE,TRUE,,R,R
2026060601,1,BOTTOM,10,Pen4,Philia_Gray,SINGLE,1,1,0,FALSE,TRUE,TRUE,,R,R
2026060601,1,BOTTOM,11,Pen4,Obake_zzz,DOUBLE,1,1,0,TRUE,FALSE,TRUE,,R,R
2026060601,1,BOTTOM,12,Pen4,jamu12,GROUND_OUT,0,0,1,FALSE,TRUE,TRUE,,R,R
2026060601,2,TOP,1,Alpha6000,namako3125,STRIKE_OUT,0,0,1,FALSE,FALSE,FALSE,,R,R
2026060601,2,TOP,2,Alpha6000,viocat77,STRIKE_OUT,0,0,1,FALSE,FALSE,FALSE,,R,R
2026060601,2,TOP,3,Alpha6000,MooonJ,GROUND_OUT,0,0,1,FALSE,FALSE,FALSE,,R,R
2026060602,1,TOP,1,sota2486,Obake_zzz,STRIKE_OUT,0,0,1,FALSE,FALSE,FALSE,,R,R
2026060602,1,TOP,2,sota2486,Pen4,STRIKE_OUT,0,0,1,FALSE,FALSE,FALSE,,L,R
2026060602,1,TOP,3,sota2486,EmeraldREX91,STRIKE_OUT,0,0,1,FALSE,FALSE,FALSE,,R,R
2026060602,1,BOTTOM,1,syobonnkun,pipis_57,STRIKE_OUT,0,0,1,FALSE,FALSE,FALSE,,R,R
2026060602,1,BOTTOM,2,syobonnkun,namako3125,SINGLE,0,0,0,FALSE,FALSE,FALSE,,R,R
2026060602,1,BOTTOM,3,syobonnkun,Miku_Dayo_,SINGLE,0,0,0,TRUE,FALSE,FALSE,,R,R
2026060602,1,BOTTOM,4,syobonnkun,sota2486,GROUND_OUT,0,0,1,TRUE,TRUE,FALSE,,R,R
2026060602,1,BOTTOM,5,syobonnkun,TYPE_NOOB,STRIKE_OUT,0,0,1,FALSE,TRUE,TRUE,,R,R
2026060602,2,TOP,1,sota2486,LagnaKt,GROUND_OUT,0,0,1,FALSE,FALSE,FALSE,,R,R
2026060602,2,TOP,2,sota2486,viocat77,GROUND_OUT,0,0,1,FALSE,FALSE,FALSE,,R,R
2026060602,2,TOP,3,sota2486,MooonJ,GROUND_OUT,0,0,1,FALSE,FALSE,FALSE,,R,R
2026060602,2,BOTTOM,1,syobonnkun,Alpha6000,WALK,0,0,0,FALSE,FALSE,FALSE,,L,R
2026060602,2,BOTTOM,2,syobonnkun,pipis_57,STRIKE_OUT,0,0,1,TRUE,FALSE,FALSE,,R,R
2026060602,2,BOTTOM,3,syobonnkun,namako3125,STRIKE_OUT,0,0,1,TRUE,FALSE,FALSE,,R,R
2026060602,2,BOTTOM,4,syobonnkun,Miku_Dayo_,SINGLE,0,0,0,TRUE,FALSE,FALSE,,R,R
2026060602,2,BOTTOM,5,syobonnkun,sota2486,SINGLE,2,2,0,TRUE,TRUE,FALSE,,R,R
2026060602,2,BOTTOM,6,syobonnkun,TYPE_NOOB,STRIKE_OUT,0,0,1,TRUE,FALSE,FALSE,,R,R
2026060602,3,TOP,1,sota2486,syobonnkun,GROUND_OUT,0,0,1,FALSE,FALSE,FALSE,,R,R
2026060602,3,TOP,2,sota2486,Opanku,SINGLE,0,0,0,FALSE,FALSE,FALSE,,R,R
2026060602,3,TOP,3,sota2486,Obake_zzz,STRIKE_OUT,0,0,1,TRUE,FALSE,FALSE,,R,R
2026060602,3,TOP,4,sota2486,Pen4,STRIKE_OUT,0,0,1,TRUE,FALSE,FALSE,,L,R
2026060602,3,BOTTOM,1,syobonnkun,Alpha6000,SINGLE,0,0,0,FALSE,FALSE,FALSE,,L,R
2026060602,3,BOTTOM,2,syobonnkun,Dra_goons,STRIKE_OUT,0,0,1,TRUE,FALSE,FALSE,,R,R
2026060602,3,BOTTOM,3,syobonnkun,pipis_57,GROUND_OUT,0,0,1,TRUE,FALSE,FALSE,,R,R
2026060602,3,BOTTOM,4,syobonnkun,namako3125,SINGLE,1,1,0,FALSE,TRUE,FALSE,,R,R
2026060602,3,BOTTOM,5,syobonnkun,Miku_Dayo_,STRIKE_OUT,0,0,1,TRUE,FALSE,FALSE,,R,R
2026060602,4,TOP,1,Miku_Dayo_,EmeraldREX91,DOUBLE,0,0,0,FALSE,FALSE,FALSE,,R,R
2026060602,4,TOP,2,Miku_Dayo_,LagnaKt,STRIKE_OUT,0,0,1,FALSE,TRUE,FALSE,,R,R
2026060602,4,TOP,3,Miku_Dayo_,viocat77,WALK,0,0,0,FALSE,TRUE,FALSE,,R,R
2026060602,4,TOP,4,Miku_Dayo_,MooonJ,STRIKE_OUT,0,0,1,TRUE,TRUE,FALSE,,R,R
2026060602,4,TOP,5,Miku_Dayo_,syobonnkun,GROUND_OUT,0,0,1,TRUE,TRUE,FALSE,,R,R
2026060602,4,BOTTOM,1,syobonnkun,sota2486,SINGLE,0,0,0,FALSE,FALSE,FALSE,,R,R
2026060602,4,BOTTOM,2,syobonnkun,TYPE_NOOB,SINGLE,0,0,0,TRUE,FALSE,FALSE,,R,R
2026060602,4,BOTTOM,3,syobonnkun,Alpha6000,DOUBLE_PLAY,0,0,2,TRUE,TRUE,FALSE,,L,R
2026060602,4,BOTTOM,4,syobonnkun,Dra_goons,SINGLE,1,1,0,FALSE,FALSE,TRUE,,R,R
2026060602,4,BOTTOM,5,syobonnkun,pipis_57,SINGLE,0,0,0,TRUE,FALSE,FALSE,,R,R
2026060602,4,BOTTOM,6,syobonnkun,namako3125,HOME_RUN,3,3,0,TRUE,TRUE,FALSE,,R,R
2026060602,4,BOTTOM,7,syobonnkun,Miku_Dayo_,STRIKE_OUT,0,0,1,FALSE,FALSE,FALSE,,R,R
2026060602,5,TOP,1,Miku_Dayo_,Opanku,STRIKE_OUT,0,0,1,FALSE,FALSE,FALSE,,R,R
2026060602,5,TOP,2,Miku_Dayo_,Obake_zzz,STRIKE_OUT,0,0,1,FALSE,FALSE,FALSE,,R,R
2026060602,5,TOP,3,Miku_Dayo_,Pen4,FLY_OUT,0,0,1,FALSE,FALSE,FALSE,,L,R
2026071801,1,TOP,1,syobonnkun,Pen4,SINGLE,0,0,0,FALSE,FALSE,FALSE,,L,R
2026071801,1,TOP,2,syobonnkun,Alpha6000,STRIKE_OUT,0,0,1,TRUE,FALSE,FALSE,,L,R
2026071801,1,TOP,3,syobonnkun,EmeraldREX91,SINGLE,0,0,0,TRUE,FALSE,FALSE,,R,R
2026071801,1,TOP,4,syobonnkun,Nagase_Futaba,SINGLE,0,0,0,TRUE,TRUE,FALSE,,R,R
2026071801,1,TOP,5,syobonnkun,Philia_Gray,GROUND_OUT,1,1,1,TRUE,TRUE,TRUE,,R,R
2026071801,1,TOP,6,syobonnkun,MooonJ,STRIKE_OUT,0,0,1,TRUE,FALSE,TRUE,,R,R
2026071801,1,BOTTOM,1,Alpha6000,sota2486,HOME_RUN,1,1,0,FALSE,FALSE,FALSE,,R,R
2026071801,1,BOTTOM,2,Alpha6000,GMMF,STRIKE_OUT,0,0,1,FALSE,FALSE,FALSE,,R,R
2026071801,1,BOTTOM,3,Alpha6000,TYPE_NOOB,STRIKE_OUT,0,0,1,FALSE,FALSE,FALSE,,R,R
2026071801,1,BOTTOM,4,Alpha6000,syobonnkun,SINGLE,0,0,0,FALSE,FALSE,FALSE,,R,R
2026071801,1,BOTTOM,5,Alpha6000,xyzen1,SINGLE,0,0,0,TRUE,FALSE,FALSE,,R,R
2026071801,1,BOTTOM,6,Alpha6000,omarupin,STRIKE_OUT,0,0,1,TRUE,TRUE,FALSE,,R,R
2026071801,2,TOP,7,syobonnkun,Obake_zzz,SINGLE,0,0,0,FALSE,FALSE,FALSE,,R,R
2026071801,2,TOP,8,syobonnkun,Opanku,SINGLE,0,0,0,TRUE,FALSE,FALSE,,R,R
2026071801,2,TOP,1,syobonnkun,Pen4,WALK,0,0,0,TRUE,TRUE,FALSE,,L,R
2026071801,2,TOP,2,syobonnkun,Alpha6000,WALK,1,1,0,TRUE,TRUE,TRUE,,L,R
2026071801,2,TOP,3,syobonnkun,EmeraldREX91,GROUND_OUT,1,1,1,TRUE,TRUE,TRUE,,R,R
2026071801,2,TOP,4,syobonnkun,Nagase_Futaba,SINGLE,1,1,0,FALSE,TRUE,TRUE,,R,R
2026071801,2,TOP,5,syobonnkun,Philia_Gray,STRIKE_OUT,0,0,1,TRUE,FALSE,TRUE,,R,R
2026071801,2,TOP,6,syobonnkun,MooonJ,SINGLE,1,1,0,TRUE,FALSE,TRUE,,R,R
2026071801,2,TOP,7,syobonnkun,Obake_zzz,GROUND_OUT,0,0,1,TRUE,TRUE,FALSE,,R,R
2026071801,2,BOTTOM,7,Philia_Gray,nextbardo,HOME_RUN,1,1,0,FALSE,FALSE,FALSE,,R,R
2026071801,2,BOTTOM,8,Philia_Gray,LagnaKt,STRIKE_OUT,0,0,1,FALSE,FALSE,FALSE,,R,R
2026071801,2,BOTTOM,1,Philia_Gray,sota2486,DOUBLE,0,0,0,FALSE,FALSE,FALSE,,R,R
2026071801,2,BOTTOM,2,Philia_Gray,GMMF,SINGLE,0,0,0,FALSE,TRUE,FALSE,,R,R
2026071801,2,BOTTOM,3,Philia_Gray,TYPE_NOOB,SINGLE,1,1,0,TRUE,FALSE,TRUE,,R,R
2026071801,2,BOTTOM,4,Philia_Gray,syobonnkun,DOUBLE_PLAY,0,0,2,TRUE,TRUE,FALSE,,R,R
2026071801,3,TOP,8,syobonnkun,Opanku,STRIKE_OUT,0,0,1,FALSE,FALSE,FALSE,,R,R
2026071801,3,TOP,1,syobonnkun,Pen4,SINGLE,0,0,0,FALSE,FALSE,FALSE,,L,R
2026071801,3,TOP,2,syobonnkun,Alpha6000,STRIKE_OUT,0,0,1,TRUE,FALSE,FALSE,,L,R
2026071801,3,TOP,3,syobonnkun,EmeraldREX91,STRIKE_OUT,0,0,1,TRUE,FALSE,FALSE,,R,R
2026071801,3,BOTTOM,5,Philia_Gray,Rosario20,DOUBLE,0,0,0,FALSE,FALSE,FALSE,,R,R
2026071801,3,BOTTOM,6,Philia_Gray,omarupin,STRIKE_OUT,0,0,1,FALSE,TRUE,FALSE,,R,R
2026071801,3,BOTTOM,7,Philia_Gray,nextbardo,DOUBLE,1,1,0,FALSE,TRUE,FALSE,,R,R
2026071801,3,BOTTOM,8,Philia_Gray,LagnaKt,STRIKE_OUT,0,0,1,FALSE,TRUE,FALSE,,R,R
2026071801,3,BOTTOM,1,Philia_Gray,sota2486,WALK,0,0,0,FALSE,TRUE,FALSE,,R,R
2026071801,3,BOTTOM,2,Philia_Gray,GMMF,WALK,0,0,0,TRUE,TRUE,FALSE,,R,R
2026071801,3,BOTTOM,3,Philia_Gray,TYPE_NOOB,DOUBLE,2,2,0,TRUE,TRUE,TRUE,,R,R
2026071801,3,BOTTOM,4,Philia_Gray,syobonnkun,WALK,0,0,0,FALSE,TRUE,TRUE,,R,R
2026071801,3,BOTTOM,5,Philia_Gray,Rosario20,HOME_RUN,4,4,0,TRUE,TRUE,TRUE,,R,R
2026071801,3,BOTTOM,6,Philia_Gray,omarupin,STRIKE_OUT,0,0,1,FALSE,FALSE,FALSE,,R,R
2026071801,4,TOP,4,syobonnkun,Nagase_Futaba,STRIKE_OUT,0,0,1,FALSE,FALSE,FALSE,,R,R
2026071801,4,TOP,5,syobonnkun,Philia_Gray,STRIKE_OUT,0,0,1,FALSE,FALSE,FALSE,,R,R
2026071801,4,TOP,6,syobonnkun,MooonJ,GROUND_OUT,0,0,1,FALSE,FALSE,FALSE,,R,R
2026071801,4,BOTTOM,7,Pen4,LagnaKt,STRIKE_OUT,0,0,1,FALSE,FALSE,FALSE,,R,R
2026071801,4,BOTTOM,1,Pen4,sota2486,SINGLE,0,0,0,FALSE,FALSE,FALSE,,R,R
2026071801,4,BOTTOM,2,Pen4,GMMF,WALK,0,0,0,TRUE,FALSE,FALSE,,R,R
2026071801,4,BOTTOM,3,Pen4,TYPE_NOOB,STRIKE_OUT,0,0,1,TRUE,TRUE,FALSE,,R,R
2026071801,4,BOTTOM,4,Pen4,syobonnkun,GROUND_OUT,0,0,1,TRUE,TRUE,FALSE,,R,R
2026071801,5,TOP,7,syobonnkun,Obake_zzz,STRIKE_OUT,0,0,1,FALSE,FALSE,FALSE,,R,R
2026071801,5,TOP,8,syobonnkun,Opanku,GROUND_OUT,0,0,1,FALSE,FALSE,FALSE,,R,R
2026071801,5,TOP,1,syobonnkun,Pen4,DOUBLE,0,0,0,FALSE,FALSE,FALSE,,L,R
2026071801,5,TOP,2,syobonnkun,Alpha6000,STRIKE_OUT,0,0,1,FALSE,TRUE,FALSE,,L,R
2026071802,1,TOP,1,TYPE_NOOB,sota2486,DOUBLE,0,0,0,FALSE,FALSE,FALSE,,R,R
2026071802,1,TOP,2,TYPE_NOOB,Alpha6000,DOUBLE,1,1,0,FALSE,TRUE,FALSE,,L,R
2026071802,1,TOP,3,TYPE_NOOB,EmeraldREX91,STRIKE_OUT,0,0,1,FALSE,TRUE,FALSE,,R,R
2026071802,1,TOP,4,TYPE_NOOB,GMMF,SINGLE,0,0,0,FALSE,TRUE,FALSE,,R,R
2026071802,1,TOP,5,TYPE_NOOB,Opanku,DOUBLE,1,1,0,TRUE,FALSE,TRUE,,R,R
2026071802,1,TOP,1,TYPE_NOOB,sota2486,STRIKE_OUT,0,0,1,FALSE,TRUE,TRUE,,R,R
2026071802,1,TOP,2,TYPE_NOOB,Alpha6000,HOME_RUN,3,3,0,FALSE,TRUE,TRUE,,L,R
2026071802,1,TOP,3,TYPE_NOOB,EmeraldREX91,SINGLE,0,0,0,FALSE,FALSE,FALSE,,R,R
2026071802,1,TOP,3,TYPE_NOOB,GMMF,STRIKE_OUT,0,0,1,TRUE,FALSE,FALSE,,R,R
2026071802,1,BOTTOM,1,sota2486,Pen4,STRIKE_OUT,0,0,1,FALSE,FALSE,FALSE,,L,R
2026071802,1,BOTTOM,2,sota2486,Obake_zzz,GROUND_OUT,0,0,1,FALSE,FALSE,FALSE,,R,R
2026071802,1,BOTTOM,3,sota2486,TYPE_NOOB,STRIKE_OUT,0,0,1,FALSE,FALSE,FALSE,,R,R
2026071802,2,TOP,5,TYPE_NOOB,Opanku,STRIKE_OUT,0,0,1,FALSE,FALSE,FALSE,,R,R
2026071802,2,TOP,1,TYPE_NOOB,sota2486,HOME_RUN,1,1,0,FALSE,FALSE,FALSE,,R,R
2026071802,2,TOP,2,TYPE_NOOB,Alpha6000,STRIKE_OUT,0,0,1,FALSE,FALSE,FALSE,,L,R
2026071802,2,TOP,3,TYPE_NOOB,EmeraldREX91,STRIKE_OUT,0,0,1,FALSE,FALSE,FALSE,,R,R
2026071802,2,BOTTOM,4,sota2486,Nagase_Futaba,GROUND_OUT,0,0,1,FALSE,FALSE,FALSE,,R,R
2026071802,2,BOTTOM,5,sota2486,MooonJ,GROUND_OUT,0,0,1,FALSE,FALSE,FALSE,,R,R
2026071802,2,BOTTOM,1,sota2486,Pen4,STRIKE_OUT,0,0,1,FALSE,FALSE,FALSE,,L,R
2026071802,3,TOP,4,TYPE_NOOB,GMMF,STRIKE_OUT,0,0,1,FALSE,FALSE,FALSE,,R,R
2026071802,3,TOP,5,TYPE_NOOB,Opanku,STRIKE_OUT,0,0,1,FALSE,FALSE,FALSE,,R,R
2026071802,3,TOP,1,TYPE_NOOB,sota2486,SINGLE,0,0,0,FALSE,FALSE,FALSE,,R,R
2026071802,3,TOP,2,TYPE_NOOB,Alpha6000,WALK,0,0,0,TRUE,FALSE,FALSE,,L,R
2026071802,3,TOP,3,TYPE_NOOB,EmeraldREX91,STRIKE_OUT,0,0,1,TRUE,TRUE,FALSE,,R,R
2026071802,3,BOTTOM,2,sota2486,Obake_zzz,GROUND_OUT,0,0,1,FALSE,FALSE,FALSE,,R,R
2026071802,3,BOTTOM,3,sota2486,TYPE_NOOB,GROUND_OUT,0,0,1,FALSE,FALSE,FALSE,,R,R
2026071802,3,BOTTOM,4,sota2486,Nagase_Futaba,STRIKE_OUT,0,0,1,FALSE,FALSE,FALSE,,R,R
