game,inning,half,pa,kind,player,hangTicks,touchTicks,holdTicks,exitVelocity,launchAngle,distance,battedType,startBase,endBase,outOnPlay,sprintRatio,position,touchOrder,startX,startZ,landX,landZ,caughtOnFly,fumbled,threwToBase,gotOut,doublePlay,basesAllowed,transferTicks,throwSpeed,dived,throwError,fumbleOnFly,assist,outKind,throwHand
2026100401,1,TOP,,spot,omarupin,,,,,,,,,,,,PITCHER,,,,,,,,,,,,,,,,,,,R
2026100401,1,BOTTOM,2026100401#8,run,omarupin,-1,-1,-1,187.2,26.7,,15-30/175-200,0,4,false,0.00,,,,,,,,,,,,,,,false,,,,,R
2026100401,1,BOTTOM,2026100401#12,run,omarupin,3,48,48,155.6,-11.7,6.0,LT0/150-175,0,1,false,1.00,,,,,,,,,,,,,,,true,,,,,R
2026100401,2,TOP,,spot,omarupin,,,,,,,,,,,,PITCHER,,,,,,,,,,,,,,,,,,,R
2026100401,3,TOP,,spot,omarupin,,,,,,,,,,,,PITCHER,,,,,,,,,,,,,,,,,,,R
2026100401,3,TOP,2026100401#22,field,omarupin,,,,105.8,75.4,14.9,45+/100-125,,,,,PITCHER,1,,,,,true,false,false,true,false,0,-1,,false,false,false,false,,R
2026100402,1,TOP,2026100402#29,field,omarupin,3,53,97,124.3,-8.6,6.6,LT0/100-125,,,,,SECOND_BASEMAN,1,174.0,-133.0,149.0,-117.3,false,false,true,false,false,0,22,106.1,false,true,false,true,,R
2026100402,1,TOP,2026100402#31,field,omarupin,55,83,83,165.5,13.1,94.3,0-15/150-175,,,,,SECOND_BASEMAN,2,173.1,-133.0,177.7,-200.7,false,false,false,false,false,2,-1,,false,false,false,false,,R
2026100402,2,TOP,,spot,omarupin,,,,,,,,,,,,SECOND_BASEMAN,,,,,,,,,,,,,,,,,,,R
2026100402,2,TOP,2026100402#39,field,omarupin,2,26,140,150.1,-40.1,2.9,LT0/150-175,,,,,SECOND_BASEMAN,2,177.0,-133.5,146.7,-114.4,false,false,false,false,false,1,-1,,false,false,false,false,,R
2026100402,2,TOP,2026100402#40,field,omarupin,32,67,67,194.3,10.1,71.4,0-15/175-200,,,,,SECOND_BASEMAN,2,174.0,-131.8,197.2,-160.7,false,false,true,false,false,2,71,106.9,false,false,false,false,,R
2026100402,2,TOP,2026100402#41,field,omarupin,65,106,229,159.4,21.4,98.5,15-30/150-175,,,,,SECOND_BASEMAN,4,174.8,-132.0,205.5,-189.8,false,false,false,false,false,3,-1,,false,false,false,false,,R
2026100402,2,TOP,2026100402#42,field,omarupin,33,46,46,183.7,7.5,71.7,0-15/175-200,,,,,SECOND_BASEMAN,3,175.0,-133.8,185.2,-171.6,false,false,false,false,false,4,-1,,false,false,false,false,,R
2026100402,3,BOTTOM,,spot,omarupin,,,,,,,,,,,,SECOND_BASEMAN,,,,,,,,,,,,,,,,,,,R
2026100402,4,TOP,2026100402#60,run,omarupin,15,15,15,157.4,3.1,29.9,0-15/150-175,0,0,true,0.00,,,,,,,,,,,,,,,false,,,,FORCE,R
2026100402,4,BOTTOM,,spot,omarupin,,,,,,,,,,,,SECOND_BASEMAN,,,,,,,,,,,,,,,,,,,R
2026100402,4,BOTTOM,2026100402#67,field,omarupin,15,69,144,189.4,3.1,35.1,0-15/175-200,,,,,SECOND_BASEMAN,,174.0,-135.8,166.6,-139.8,false,false,false,false,false,1,-1,,false,false,false,false,,R
2026100402,5,BOTTOM,,spot,omarupin,,,,,,,,,,,,SECOND_BASEMAN,,,,,,,,,,,,,,,,,,,R
