side,game,pa,pitch_no,inning,half,count,outs,pitcher,batter,stance,type,velocity,v_break,h_break,zone,in_zone,plate_x,plate_y,swing,whiff,contact,call,exit_velocity,launch_angle,spray_angle,distance,result,throws,swing_power,bat_power,init_velocity
Batting,2026091201,2026091201#1,1,1,TOP,0-0,0,syobonnkun,TYPE_NOOB,R,スラーブ,81.9,0.5,2.1,20,false,1.1,0.8,false,false,false,BALL,,,,,,R,,,101.4
Batting,2026091201,2026091201#1,2,1,TOP,1-0,0,syobonnkun,TYPE_NOOB,R,ツーシームファスト,118.3,0.9,-0.7,5,false,0.7,2.4,false,false,false,BALL,,,,,,R,,,119.4
Batting,2026091201,2026091201#1,3,1,TOP,2-0,0,syobonnkun,TYPE_NOOB,R,サークルチェンジ,65.0,0.6,-0.8,13,true,0.1,1.2,true,false,true,IN_PLAY,146.0,35.0,-10.9,94.1,FLY_OUT,R,,,107.4
Batting,2026091201,2026091201#11,1,2,TOP,0-0,2,syobonnkun,TYPE_NOOB,R,サークルチェンジ,65.9,0.4,-0.9,18,true,0.1,0.9,false,false,false,CALLED_STRIKE,,,,,,R,,,108.9
Batting,2026091201,2026091201#11,2,2,TOP,0-1,2,syobonnkun,TYPE_NOOB,R,SFF,107.8,-0.6,0.0,3,false,0.1,2.7,true,true,false,SWINGING_STRIKE,,,,,,R,,,107.9
Batting,2026091201,2026091201#11,3,2,TOP,0-2,2,syobonnkun,TYPE_NOOB,R,スラーブ,85.3,0.3,2.2,20,false,1.9,0.7,false,false,false,BALL,,,,,,R,,,103.4
Batting,2026091201,2026091201#11,4,2,TOP,1-2,2,syobonnkun,TYPE_NOOB,R,スラーブ,84.2,-1.4,2.8,25,false,1.2,0.1,false,false,false,BALL,,,,,,R,,,102.1
Batting,2026091201,2026091201#11,5,2,TOP,2-2,2,syobonnkun,TYPE_NOOB,R,SFF,106.6,-0.5,0.0,15,false,0.6,1.3,true,false,true,FOUL,81.0,45.3,-122.1,11.1,,R,,,106.7
Batting,2026091201,2026091201#11,6,2,TOP,2-2,2,syobonnkun,TYPE_NOOB,R,サークルチェンジ,64.3,0.4,-1.0,8,true,0.0,1.3,true,false,true,FOUL,128.5,66.3,-58.0,34.2,,R,,,106.3
Batting,2026091201,2026091201#11,7,2,TOP,2-2,2,syobonnkun,TYPE_NOOB,R,ツーシームファスト,118.9,0.8,-0.7,23,false,0.1,0.3,true,true,false,SWINGING_STRIKE,,,,,STRIKE_OUT,R,,,120.0
Batting,2026091201,2026091201#20,1,3,TOP,0-0,2,syobonnkun,TYPE_NOOB,R,SFF,107.2,-0.6,0.0,4,false,0.3,3.1,false,false,false,BALL,,,,,,R,,,107.3
Batting,2026091201,2026091201#20,2,3,TOP,1-0,2,syobonnkun,TYPE_NOOB,R,サークルチェンジ,64.8,0.6,-0.9,6,false,-0.8,1.5,true,false,true,IN_PLAY,156.6,33.9,-23.3,114.9,DOUBLE,R,,,107.0
Batting,2026091201,2026091201#28,1,4,TOP,0-0,2,syobonnkun,TYPE_NOOB,R,スラーブ,85.5,0.7,2.0,20,false,0.8,0.8,false,false,false,BALL,,,,,,R,,,103.7
Batting,2026091201,2026091201#28,2,4,TOP,1-0,2,syobonnkun,TYPE_NOOB,R,スラーブ,84.2,-0.6,2.5,24,false,0.6,0.4,false,false,false,BALL,,,,,,R,,,102.1
Batting,2026091201,2026091201#28,3,4,TOP,2-0,2,syobonnkun,TYPE_NOOB,R,ツーシームファスト,121.4,0.8,-0.7,10,false,0.7,1.5,false,false,false,BALL,,,,,,R,,,122.5
Batting,2026091201,2026091201#28,4,4,TOP,3-0,2,syobonnkun,TYPE_NOOB,R,サークルチェンジ,64.9,0.3,-0.9,18,true,-0.1,0.8,true,true,false,SWINGING_STRIKE,,,,,,R,,,107.2
Batting,2026091201,2026091201#28,5,4,TOP,3-1,2,syobonnkun,TYPE_NOOB,R,SFF,108.0,-0.5,0.0,19,true,0.3,0.6,true,false,true,FOUL,132.1,76.6,-56.6,41.9,,R,,,108.1
Batting,2026091201,2026091201#28,6,4,TOP,3-2,2,syobonnkun,TYPE_NOOB,R,SFF,108.2,-0.6,0.0,8,true,0.1,1.4,true,true,false,CALLED_STRIKE,,,,,STRIKE_OUT,R,,,108.3
Batting,2026091201,2026091201#38,1,5,TOP,0-0,1,syobonnkun,TYPE_NOOB,R,SFF,108.7,-0.6,0.0,19,true,0.3,0.7,true,true,false,SWINGING_STRIKE,,,,,,R,,,108.8
Batting,2026091201,2026091201#38,2,5,TOP,0-1,1,syobonnkun,TYPE_NOOB,R,サークルチェンジ,66.0,0.6,-0.7,8,true,0.1,1.5,true,false,true,IN_PLAY,157.3,27.8,-24.7,108.4,DOUBLE,R,,,109.0
Batting,2026091202,2026091202#5,1,1,TOP,0-0,2,syobonnkun,TYPE_NOOB,R,ツーシームファスト,120.1,1.2,-0.6,23,false,0.2,0.1,false,false,false,BALL,,,,,,R,,,121.2
Batting,2026091202,2026091202#5,2,1,TOP,1-0,2,syobonnkun,TYPE_NOOB,R,SFF,108.8,-0.6,0.0,4,false,0.3,2.6,false,false,false,BALL,,,,,,R,,,108.9
Batting,2026091202,2026091202#5,3,1,TOP,2-0,2,syobonnkun,TYPE_NOOB,R,サークルチェンジ,65.1,0.3,-0.9,8,true,0.1,1.5,true,true,false,SWINGING_STRIKE,,,,,,R,,,107.5
Batting,2026091202,2026091202#5,4,1,TOP,2-1,2,syobonnkun,TYPE_NOOB,R,高速スラーブ,93.4,-1.2,1.7,18,true,0.1,0.5,true,false,true,IN_PLAY,204.8,28.3,-14.9,151.8,HOME_RUN,R,,,109.0
Batting,2026091202,2026091202#14,1,2,TOP,0-0,1,gaifukaisei,TYPE_NOOB,R,ファストボール,123.7,0.8,0.0,3,false,-0.1,1.9,false,false,false,BALL,,,,,,L,,,125.0
Batting,2026091202,2026091202#14,2,2,TOP,1-0,1,gaifukaisei,TYPE_NOOB,R,シンカー,75.4,0.4,1.7,15,false,0.7,1.1,false,false,false,BALL,,,,,,L,,,96.6
Batting,2026091202,2026091202#14,3,2,TOP,2-0,1,gaifukaisei,TYPE_NOOB,R,スライダー,99.5,-0.4,-1.7,21,false,-0.7,0.1,false,false,false,BALL,,,,,,L,,,108.9
Batting,2026091202,2026091202#14,4,2,TOP,3-0,1,gaifukaisei,TYPE_NOOB,R,ファストボール,124.6,0.7,0.0,8,true,0.1,1.5,false,false,false,CALLED_STRIKE,,,,,,L,,,126.0
Batting,2026091202,2026091202#14,5,2,TOP,3-1,1,gaifukaisei,TYPE_NOOB,R,カーブ,75.6,-2.9,-2.5,22,false,-0.4,0.2,true,true,false,SWINGING_STRIKE,,,,,,L,,,96.9
Batting,2026091202,2026091202#14,6,2,TOP,3-2,1,gaifukaisei,TYPE_NOOB,R,スライダー,96.3,-0.4,-1.8,22,false,-0.4,0.0,true,true,false,SWINGING_STRIKE,,,,,STRIKE_OUT,L,,,106.5
Batting,2026091202,2026091202#29,1,4,TOP,0-0,0,gaifukaisei,TYPE_NOOB,R,ファストボール,123.2,0.9,0.0,19,true,0.3,0.8,true,false,true,IN_PLAY,148.1,45.0,26.1,84.2,FLY_OUT,L,,,124.5
Batting,2026091202,2026091202#40,1,5,TOP,0-0,2,gaifukaisei,TYPE_NOOB,R,カーブ,76.9,-2.5,-2.3,11,false,-0.6,1.1,true,false,true,IN_PLAY,158.5,37.0,-13.5,113.8,DOUBLE,L,,,98.6
Batting,2026100401,2026100401#11,1,1,BOTTOM,0-0,0,LagnaKt,TYPE_NOOB,R,高速スライダー,43.3,0.0,1.3,12,true,-0.2,1.0,true,true,false,SWINGING_STRIKE,,,,,,R,1.0,1.0,114.3
Batting,2026100401,2026100401#11,2,1,BOTTOM,0-1,0,LagnaKt,TYPE_NOOB,R,高速スライダー,76.2,0.0,1.3,22,false,-0.3,0.2,false,false,false,BALL,,,,,,R,,,113.2
Batting,2026100401,2026100401#11,3,1,BOTTOM,1-1,0,LagnaKt,TYPE_NOOB,R,ツーシームファスト,115.7,0.9,-0.8,9,true,0.4,1.5,false,false,false,CALLED_STRIKE,,,,,,R,,,121.1
Batting,2026100401,2026100401#11,4,1,BOTTOM,1-2,0,LagnaKt,TYPE_NOOB,R,高速スライダー,107.1,-0.1,1.3,23,false,0.2,0.2,true,true,false,SWINGING_STRIKE,,,,,STRIKE_OUT,R,1.0,1.0,114.6
Batting,2026100401,2026100401#19,1,2,BOTTOM,0-0,0,LagnaKt,TYPE_NOOB,R,チェンジアップ,61.3,0.3,0.0,21,false,-0.6,0.0,false,false,false,BALL,,,,,,R,,,108.4
Batting,2026100401,2026100401#19,2,2,BOTTOM,1-0,0,LagnaKt,TYPE_NOOB,R,高速スライダー,121.4,0.0,1.3,8,true,0.0,1.4,true,false,true,FOUL,107.6,26.7,-107.4,48.2,,R,1.0,1.0,113.2
Batting,2026100401,2026100401#19,3,2,BOTTOM,1-1,0,LagnaKt,TYPE_NOOB,R,ツーシームファスト,116.3,0.9,-0.7,9,true,0.2,1.7,true,true,false,SWINGING_STRIKE,,,,,,R,1.0,1.0,121.7
Batting,2026100401,2026100401#19,4,2,BOTTOM,1-2,0,LagnaKt,TYPE_NOOB,R,高速スライダー,117.4,0.0,1.2,17,true,-0.3,0.7,true,false,true,FOUL,79.7,5.2,-113.2,7.3,,R,0.6,1.0,113.7
Batting,2026100401,2026100401#19,5,2,BOTTOM,1-2,0,LagnaKt,TYPE_NOOB,R,高速スライダー,125.8,0.1,1.2,17,true,-0.4,0.9,true,false,true,IN_PLAY,168.4,11.6,-14.3,64.2,FLY_OUT,R,0.7,1.0,112.2
Batting,2026100401,2026100401#28,1,3,BOTTOM,0-0,2,LagnaKt,TYPE_NOOB,R,チェンジアップ,68.0,1.0,0.0,22,false,-0.2,0.2,false,false,false,BALL,,,,,,R,,,110.0
Batting,2026100401,2026100401#28,2,3,BOTTOM,1-0,2,LagnaKt,TYPE_NOOB,R,高速スライダー,121.5,0.0,1.3,7,true,-0.2,1.5,true,false,true,FOUL,116.7,60.0,-112.9,45.5,,R,1.0,1.0,113.4
Batting,2026100401,2026100401#28,3,3,BOTTOM,1-1,2,LagnaKt,TYPE_NOOB,R,高速スライダー,122.7,0.0,1.3,19,true,0.3,0.6,true,false,true,FOUL,140.4,48.0,-87.2,75.5,,R,1.0,1.0,113.5
Batting,2026100401,2026100401#28,4,3,BOTTOM,1-2,2,LagnaKt,TYPE_NOOB,R,ツーシームファスト,114.5,0.9,-0.8,5,false,0.8,2.4,false,false,false,BALL,,,,,,R,,,121.2
Batting,2026100401,2026100401#28,5,3,BOTTOM,2-2,2,LagnaKt,TYPE_NOOB,R,チェンジアップ,72.6,1.5,0.0,23,false,-0.1,0.2,false,false,false,BALL,,,,,,R,,,109.2
Batting,2026100401,2026100401#28,6,3,BOTTOM,3-2,2,LagnaKt,TYPE_NOOB,R,縦カット,127.5,-0.2,0.0,18,true,-0.1,0.6,true,false,true,FOUL,54.5,-0.1,-116.5,7.4,,R,0.7,1.0,119.2
Batting,2026100401,2026100401#28,7,3,BOTTOM,3-2,2,LagnaKt,TYPE_NOOB,R,高速スライダー,126.2,0.1,1.2,19,true,0.4,0.8,true,false,true,IN_PLAY,157.5,20.4,-11.4,90.2,FLY_OUT,R,0.7,1.0,112.6
Batting,2026100402,2026100402#30,1,1,TOP,0-0,1,LagnaKt,TYPE_NOOB,R,チェンジアップ,71.4,1.5,0.0,23,false,0.1,0.2,false,false,false,BALL,,,,,,R,,,107.8
Batting,2026100402,2026100402#30,2,1,TOP,1-0,1,LagnaKt,TYPE_NOOB,R,高速スライダー,128.0,0.1,1.2,14,true,0.3,0.9,true,false,true,IN_PLAY,195.7,27.5,-28.5,143.2,HOME_RUN,R,1.0,1.0,114.3
Batting,2026100402,2026100402#41,1,2,TOP,0-0,0,LagnaKt,TYPE_NOOB,R,チェンジアップ,73.3,0.4,0.0,13,true,0.0,1.1,true,false,true,IN_PLAY,159.4,21.4,-16.3,94.2,SINGLE,R,1.0,1.0,108.3
Batting,2026100402,2026100402#45,1,2,TOP,0-0,2,LagnaKt,TYPE_NOOB,R,高速スライダー,35.5,0.0,1.3,7,true,-0.6,1.4,false,false,false,CALLED_STRIKE,,,,,,R,,,113.5
Batting,2026100402,2026100402#45,2,2,TOP,0-1,2,LagnaKt,TYPE_NOOB,R,高速スライダー,123.0,0.0,1.3,22,false,-0.5,0.3,true,false,true,FOUL,138.8,14.6,-76.4,53.6,,R,1.0,1.0,113.3
Batting,2026100402,2026100402#45,3,2,TOP,0-2,2,LagnaKt,TYPE_NOOB,R,チェンジアップ,70.9,0.4,0.0,8,true,0.0,1.7,true,false,true,IN_PLAY,120.6,4.5,0.6,33.5,GROUND_OUT,R,0.6,1.0,106.8
Batting,2026100402,2026100402#58,1,4,TOP,0-0,0,gaifukaisei,TYPE_NOOB,R,ファストボール,118.7,0.9,0.0,13,true,0.1,1.1,false,false,false,CALLED_STRIKE,,,,,,L,,,124.6
Batting,2026100402,2026100402#58,2,4,TOP,0-1,0,gaifukaisei,TYPE_NOOB,R,シンカー,76.9,-1.1,2.4,20,false,0.8,0.9,false,false,false,BALL,,,,,,L,,,97.9
Batting,2026100402,2026100402#58,3,4,TOP,1-1,0,gaifukaisei,TYPE_NOOB,R,スライダー,107.5,-0.4,-2.0,22,false,-0.3,0.5,true,false,true,IN_PLAY,213.1,26.2,-22.7,153.4,HOME_RUN,L,1.0,1.0,107.9
Batting,2026100402,2026100402#63,1,4,TOP,0-0,2,gaifukaisei,TYPE_NOOB,R,ファストボール,119.7,0.9,0.0,22,false,-0.4,0.4,false,false,false,BALL,,,,,,L,,,124.5
Batting,2026100402,2026100402#63,2,4,TOP,1-0,2,gaifukaisei,TYPE_NOOB,R,シンカー,72.2,-3.3,2.8,20,false,1.0,0.9,false,false,false,BALL,,,,,,L,,,99.1
Batting,2026100402,2026100402#63,3,4,TOP,2-0,2,gaifukaisei,TYPE_NOOB,R,ファストボール,120.9,0.8,0.0,18,true,0.1,0.6,false,false,false,CALLED_STRIKE,,,,,,L,,,126.1
Batting,2026100402,2026100402#63,4,4,TOP,2-1,2,gaifukaisei,TYPE_NOOB,R,カーブ,84.7,-3.0,-2.7,21,false,-0.9,-0.2,true,false,true,IN_PLAY,169.7,36.5,11.6,109.0,FLY_OUT,L,1.0,1.0,99.0
Batting,2026100402,2026100402#73,1,5,TOP,0-0,2,gaifukaisei,TYPE_NOOB,R,ドロップカーブ,70.6,-1.1,-1.4,14,true,0.4,1.1,true,true,false,SWINGING_STRIKE,,,,,,L,1.0,1.0,91.9
Batting,2026100402,2026100402#73,2,5,TOP,0-1,2,gaifukaisei,TYPE_NOOB,R,ファストボール,118.9,0.9,0.0,17,true,-0.3,0.6,false,false,false,CALLED_STRIKE,,,,,,L,,,123.9
Batting,2026100402,2026100402#73,3,5,TOP,0-2,2,gaifukaisei,TYPE_NOOB,R,シンカー,71.9,-3.4,2.8,25,false,1.4,0.5,true,true,false,SWINGING_STRIKE,,,,,STRIKE_OUT,L,1.0,1.0,98.1
